id,nama,prov,created_at,updated_at
1,JAKARTA,DKI JAKARTA,2/1/2023 2:49,2/1/2023 3:54
2,KEPULAUAN SERIBU,DKI JAKARTA,2/1/2023 2:49,2/1/2023 3:54
3,CILEGON,BANTEN,2/1/2023 2:49,2/1/2023 3:54
4,LEBAK,BANTEN,2/1/2023 2:49,2/1/2023 3:54
5,PANDEGLANG,BANTEN,2/1/2023 2:49,2/1/2023 3:54
6,SERANG,BANTEN,2/1/2023 2:49,2/1/2023 3:54
7,TANGERANG,BANTEN,2/1/2023 2:49,2/1/2023 3:54
8,BANDUNG,JAWA BARAT,2/1/2023 2:49,2/1/2023 3:54
9,BANDUNG BARAT,JAWA BARAT,2/1/2023 2:49,2/1/2023 3:54
10,BANJAR,JAWA BARAT,2/1/2023 2:49,2/1/2023 3:54
11,BEKASI,JAWA BARAT,2/1/2023 2:49,2/1/2023 3:54
12,BOGOR,JAWA BARAT,2/1/2023 2:49,2/1/2023 3:54
13,CIAMIS,JAWA BARAT,2/1/2023 2:49,2/1/2023 3:54
14,CIANJUR,JAWA BARAT,2/1/2023 2:49,2/1/2023 3:54
15,CIMAHI,JAWA BARAT,2/1/2023 2:49,2/1/2023 3:54
16,CIREBON,JAWA BARAT,2/1/2023 2:49,2/1/2023 3:54
17,DEPOK,JAWA BARAT,2/1/2023 2:49,2/1/2023 3:54
18,GARUT,JAWA BARAT,2/1/2023 2:49,2/1/2023 3:54
19,INDRAMAYU,JAWA BARAT,2/1/2023 2:49,2/1/2023 3:54
20,KARAWANG,JAWA BARAT,2/1/2023 2:49,2/1/2023 3:54
21,KOTA CIMAHI,JAWA BARAT,2/1/2023 2:49,2/1/2023 3:54
22,KUNINGAN,JAWA BARAT,2/1/2023 2:49,2/1/2023 3:54
23,MAJALENGKA,JAWA BARAT,2/1/2023 2:49,2/1/2023 3:54
24,PANGANDARAN,JAWA BARAT,2/1/2023 2:49,2/1/2023 3:54
25,PURWAKARTA,JAWA BARAT,2/1/2023 2:49,2/1/2023 3:54
26,SUBANG,JAWA BARAT,2/1/2023 2:49,2/1/2023 3:54
27,SUKABUMI,JAWA BARAT,2/1/2023 2:49,2/1/2023 3:54
28,SUMEDANG,JAWA BARAT,2/1/2023 2:49,2/1/2023 3:54
29,TASIKMALAYA,JAWA BARAT,2/1/2023 2:49,2/1/2023 3:54
30,BANJARNEGARA,JAWA TENGAH,2/1/2023 2:49,2/1/2023 3:54
31,BANYUMAS,JAWA TENGAH,2/1/2023 2:49,2/1/2023 3:54
32,BATANG,JAWA TENGAH,2/1/2023 2:49,2/1/2023 3:54
33,BLORA,JAWA TENGAH,2/1/2023 2:49,2/1/2023 3:54
34,BOYOLALI,JAWA TENGAH,2/1/2023 2:49,2/1/2023 3:54
35,BREBES,JAWA TENGAH,2/1/2023 2:49,2/1/2023 3:54
36,CILACAP,JAWA TENGAH,2/1/2023 2:49,2/1/2023 3:54
37,DEMAK,JAWA TENGAH,2/1/2023 2:49,2/1/2023 3:54
38,GROBOGAN,JAWA TENGAH,2/1/2023 2:49,2/1/2023 3:54
39,JEPARA,JAWA TENGAH,2/1/2023 2:49,2/1/2023 3:54
40,KARANGANYAR,JAWA TENGAH,2/1/2023 2:49,2/1/2023 3:54
41,KEBUMEN,JAWA TENGAH,2/1/2023 2:49,2/1/2023 3:54
42,KENDAL,JAWA TENGAH,2/1/2023 2:49,2/1/2023 3:54
43,KLATEN,JAWA TENGAH,2/1/2023 2:49,2/1/2023 3:54
44,KUDUS,JAWA TENGAH,2/1/2023 2:49,2/1/2023 3:54
45,MAGELANG,JAWA TENGAH,2/1/2023 2:49,2/1/2023 3:54
46,PATI,JAWA TENGAH,2/1/2023 2:49,2/1/2023 3:54
47,PEKALONGAN,JAWA TENGAH,2/1/2023 2:49,2/1/2023 3:54
48,PEMALANG,JAWA TENGAH,2/1/2023 2:49,2/1/2023 3:54
49,PURBALINGGA,JAWA TENGAH,2/1/2023 2:49,2/1/2023 3:54
50,PURWOREJO,JAWA TENGAH,2/1/2023 2:49,2/1/2023 3:54
51,REMBANG,JAWA TENGAH,2/1/2023 2:49,2/1/2023 3:54
52,SALATIGA,JAWA TENGAH,2/1/2023 2:49,2/1/2023 3:54
53,SEMARANG,JAWA TENGAH,2/1/2023 2:49,2/1/2023 3:54
54,SRAGEN,JAWA TENGAH,2/1/2023 2:49,2/1/2023 3:54
55,SUKOHARJO,JAWA TENGAH,2/1/2023 2:49,2/1/2023 3:54
56,SURAKARTA,JAWA TENGAH,2/1/2023 2:49,2/1/2023 3:54
57,TEGAL,JAWA TENGAH,2/1/2023 2:49,2/1/2023 3:54
58,TEMANGGUNG,JAWA TENGAH,2/1/2023 2:49,2/1/2023 3:54
59,WONOGIRI,JAWA TENGAH,2/1/2023 2:49,2/1/2023 3:54
60,WONOSOBO,JAWA TENGAH,2/1/2023 2:49,2/1/2023 3:54
61,BANTUL,DI YOGYAKARTA,2/1/2023 2:49,2/1/2023 3:54
62,GUNUNG KIDUL,DI YOGYAKARTA,2/1/2023 2:49,2/1/2023 3:54
63,KABUPATEN GUNUNG KIDUL,DI YOGYAKARTA,2/1/2023 2:49,2/1/2023 3:54
64,KULON PROGO,DI YOGYAKARTA,2/1/2023 2:49,2/1/2023 3:54
65,SLEMAN,DI YOGYAKARTA,2/1/2023 2:49,2/1/2023 3:54
66,YOGYAKARTA,DI YOGYAKARTA,2/1/2023 2:49,2/1/2023 3:54
67,BANGKALAN,JAWA TIMUR,2/1/2023 2:49,2/1/2023 3:54
68,BANYUWANGI,JAWA TIMUR,2/1/2023 2:49,2/1/2023 3:54
69,BATU,JAWA TIMUR,2/1/2023 2:49,2/1/2023 3:54
70,BLITAR,JAWA TIMUR,2/1/2023 2:49,2/1/2023 3:54
71,BOJONEGORO,JAWA TIMUR,2/1/2023 2:49,2/1/2023 3:54
72,BONDOWOSO,JAWA TIMUR,2/1/2023 2:49,2/1/2023 3:54
73,GRESIK,JAWA TIMUR,2/1/2023 2:49,2/1/2023 3:54
74,JEMBER,JAWA TIMUR,2/1/2023 2:49,2/1/2023 3:54
75,JOMBANG,JAWA TIMUR,2/1/2023 2:49,2/1/2023 3:54
76,KEDIRI,JAWA TIMUR,2/1/2023 2:49,2/1/2023 3:54
77,KOTA BATU,JAWA TIMUR,2/1/2023 2:49,2/1/2023 3:54
78,KOTA MALANG,JAWA TIMUR,2/1/2023 2:49,2/1/2023 3:54
79,LAMONGAN,JAWA TIMUR,2/1/2023 2:49,2/1/2023 3:54
80,LUMAJANG,JAWA TIMUR,2/1/2023 2:49,2/1/2023 3:54
81,MADIUN,JAWA TIMUR,2/1/2023 2:49,2/1/2023 3:54
82,MAGETAN,JAWA TIMUR,2/1/2023 2:49,2/1/2023 3:54
83,MALANG,JAWA TIMUR,2/1/2023 2:49,2/1/2023 3:54
84,MOJOKERTO,JAWA TIMUR,2/1/2023 2:49,2/1/2023 3:54
85,NGANJUK,JAWA TIMUR,2/1/2023 2:49,2/1/2023 3:54
86,NGAWI,JAWA TIMUR,2/1/2023 2:49,2/1/2023 3:54
87,PACITAN,JAWA TIMUR,2/1/2023 2:49,2/1/2023 3:54
88,PAMEKASAN,JAWA TIMUR,2/1/2023 2:49,2/1/2023 3:54
89,PASURUAN,JAWA TIMUR,2/1/2023 2:49,2/1/2023 3:54
90,PONOROGO,JAWA TIMUR,2/1/2023 2:49,2/1/2023 3:54
91,PROBOLINGGO,JAWA TIMUR,2/1/2023 2:49,2/1/2023 3:54
92,SAMPANG,JAWA TIMUR,2/1/2023 2:49,2/1/2023 3:54
93,SIDOARJO,JAWA TIMUR,2/1/2023 2:49,2/1/2023 3:54
94,SITUBONDO,JAWA TIMUR,2/1/2023 2:49,2/1/2023 3:54
95,SUMENEP,JAWA TIMUR,2/1/2023 2:49,2/1/2023 3:54
96,SURABAYA,JAWA TIMUR,2/1/2023 2:49,2/1/2023 3:54
97,TRENGGALEK,JAWA TIMUR,2/1/2023 2:49,2/1/2023 3:54
98,TUBAN,JAWA TIMUR,2/1/2023 2:49,2/1/2023 3:54
99,TULUNGAGUNG,JAWA TIMUR,2/1/2023 2:49,2/1/2023 3:54
100,BADUNG,BALI,2/1/2023 2:49,2/1/2023 3:54
101,BANGLI,BALI,2/1/2023 2:49,2/1/2023 3:54
102,BULELENG,BALI,2/1/2023 2:49,2/1/2023 3:54
103,DENPASAR,BALI,2/1/2023 2:49,2/1/2023 3:54
104,GIANYAR,BALI,2/1/2023 2:49,2/1/2023 3:54
105,JEMBRANA,BALI,2/1/2023 2:49,2/1/2023 3:54
106,KARANGASEM,BALI,2/1/2023 2:49,2/1/2023 3:54
107,KLUNGKUNG,BALI,2/1/2023 2:49,2/1/2023 3:54
108,TABANAN,BALI,2/1/2023 2:49,2/1/2023 3:54
109,ACEH BARAT,NANGGROE ACEH DARUSSALAM (NAD),2/1/2023 2:49,2/1/2023 3:54
110,ACEH BARAT DAYA,NANGGROE ACEH DARUSSALAM (NAD),2/1/2023 2:49,2/1/2023 3:54
111,ACEH BESAR,NANGGROE ACEH DARUSSALAM (NAD),2/1/2023 2:49,2/1/2023 3:54
112,ACEH JAYA,NANGGROE ACEH DARUSSALAM (NAD),2/1/2023 2:49,2/1/2023 3:54
113,ACEH SELATAN,NANGGROE ACEH DARUSSALAM (NAD),2/1/2023 2:49,2/1/2023 3:54
114,ACEH SINGKIL,NANGGROE ACEH DARUSSALAM (NAD),2/1/2023 2:49,2/1/2023 3:54
115,ACEH TAMIANG,NANGGROE ACEH DARUSSALAM (NAD),2/1/2023 2:49,2/1/2023 3:54
116,ACEH TENGAH,NANGGROE ACEH DARUSSALAM (NAD),2/1/2023 2:49,2/1/2023 3:54
117,ACEH TENGGARA,NANGGROE ACEH DARUSSALAM (NAD),2/1/2023 2:49,2/1/2023 3:54
118,ACEH TIMUR,NANGGROE ACEH DARUSSALAM (NAD),2/1/2023 2:49,2/1/2023 3:54
119,ACEH UTARA,NANGGROE ACEH DARUSSALAM (NAD),2/1/2023 2:49,2/1/2023 3:54
120,BANDA ACEH,NANGGROE ACEH DARUSSALAM (NAD),2/1/2023 2:49,2/1/2023 3:54
121,BENER MERIAH,NANGGROE ACEH DARUSSALAM (NAD),2/1/2023 2:49,2/1/2023 3:54
122,BIREUEN,NANGGROE ACEH DARUSSALAM (NAD),2/1/2023 2:49,2/1/2023 3:54
123,GAYO LUES,NANGGROE ACEH DARUSSALAM (NAD),2/1/2023 2:49,2/1/2023 3:54
124,LHOKSEUMAWE,NANGGROE ACEH DARUSSALAM (NAD),2/1/2023 2:49,2/1/2023 3:54
125,NAGAN RAYA,NANGGROE ACEH DARUSSALAM (NAD),2/1/2023 2:49,2/1/2023 3:54
126,PIDIE,NANGGROE ACEH DARUSSALAM (NAD),2/1/2023 2:49,2/1/2023 3:54
127,PIDIE JAYA,NANGGROE ACEH DARUSSALAM (NAD),2/1/2023 2:49,2/1/2023 3:54
128,SABANG,NANGGROE ACEH DARUSSALAM (NAD),2/1/2023 2:49,2/1/2023 3:54
129,SIMEULUE,NANGGROE ACEH DARUSSALAM (NAD),2/1/2023 2:49,2/1/2023 3:54
130,SUBULUSSALAM,NANGGROE ACEH DARUSSALAM (NAD),2/1/2023 2:49,2/1/2023 3:54
131,AGAM,SUMATERA BARAT,2/1/2023 2:49,2/1/2023 3:54
132,BUKITTINGGI,SUMATERA BARAT,2/1/2023 2:49,2/1/2023 3:54
133,DHARMASRAYA,SUMATERA BARAT,2/1/2023 2:49,2/1/2023 3:54
134,KEPULAUAN MENTAWAI,SUMATERA BARAT,2/1/2023 2:49,2/1/2023 3:54
135,LIMA PULUH KOTA,SUMATERA BARAT,2/1/2023 2:49,2/1/2023 3:54
136,PADANG,SUMATERA BARAT,2/1/2023 2:49,2/1/2023 3:54
137,PADANG PANJANG,SUMATERA BARAT,2/1/2023 2:49,2/1/2023 3:54
138,PADANG PARIAMAN,SUMATERA BARAT,2/1/2023 2:49,2/1/2023 3:54
139,PARIAMAN,SUMATERA BARAT,2/1/2023 2:49,2/1/2023 3:54
140,PASAMAN,SUMATERA BARAT,2/1/2023 2:49,2/1/2023 3:54
141,PASAMAN BARAT,SUMATERA BARAT,2/1/2023 2:49,2/1/2023 3:54
142,PAYAKUMBUH,SUMATERA BARAT,2/1/2023 2:49,2/1/2023 3:54
143,PESISIR SELATAN,SUMATERA BARAT,2/1/2023 2:49,2/1/2023 3:54
144,SAWAH LUNTO,SUMATERA BARAT,2/1/2023 2:49,2/1/2023 3:54
145,SIJUNJUNG,SUMATERA BARAT,2/1/2023 2:49,2/1/2023 3:54
146,SOLOK,SUMATERA BARAT,2/1/2023 2:49,2/1/2023 3:54
147,SOLOK,SUMATERA BARAT,2/1/2023 2:49,2/1/2023 3:54
148,SOLOK SELATAN,SUMATERA BARAT,2/1/2023 2:49,2/1/2023 3:54
149,TANAH DATAR,SUMATERA BARAT,2/1/2023 2:49,2/1/2023 3:54
150,BENGKALIS,RIAU,2/1/2023 2:49,2/1/2023 3:54
151,DUMAI,RIAU,2/1/2023 2:49,2/1/2023 3:54
152,INDRAGIRI HILIR,RIAU,2/1/2023 2:49,2/1/2023 3:54
153,INDRAGIRI HULU,RIAU,2/1/2023 2:49,2/1/2023 3:54
154,KAMPAR,RIAU,2/1/2023 2:49,2/1/2023 3:54
155,KEPULAUAN MERANTI,RIAU,2/1/2023 2:49,2/1/2023 3:54
156,KUANTAN SINGINGI,RIAU,2/1/2023 2:49,2/1/2023 3:54
157,PEKANBARU,RIAU,2/1/2023 2:49,2/1/2023 3:54
158,PELALAWAN,RIAU,2/1/2023 2:49,2/1/2023 3:54
159,ROKAN HILIR,RIAU,2/1/2023 2:49,2/1/2023 3:54
160,ROKAN HULU,RIAU,2/1/2023 2:49,2/1/2023 3:54
161,SIAK,RIAU,2/1/2023 2:49,2/1/2023 3:54
162,BATAM,KEPULAUAN RIAU,2/1/2023 2:49,2/1/2023 3:54
163,BINTAN,KEPULAUAN RIAU,2/1/2023 2:49,2/1/2023 3:54
164,KARIMUN,KEPULAUAN RIAU,2/1/2023 2:49,2/1/2023 3:54
165,KEPULAUAN ANAMBAS,KEPULAUAN RIAU,2/1/2023 2:49,2/1/2023 3:54
166,LINGGA,KEPULAUAN RIAU,2/1/2023 2:49,2/1/2023 3:54
167,NATUNA,KEPULAUAN RIAU,2/1/2023 2:49,2/1/2023 3:54
168,TANJUNG PINANG,KEPULAUAN RIAU,2/1/2023 2:49,2/1/2023 3:54
169,BANYUASIN,SUMATERA SELATAN,2/1/2023 2:49,2/1/2023 3:54
170,EMPAT LAWANG,SUMATERA SELATAN,2/1/2023 2:49,2/1/2023 3:54
171,LAHAT,SUMATERA SELATAN,2/1/2023 2:49,2/1/2023 3:54
172,LUBUK LINGGAU,SUMATERA SELATAN,2/1/2023 2:49,2/1/2023 3:54
173,MUARA ENIM,SUMATERA SELATAN,2/1/2023 2:49,2/1/2023 3:54
174,MUSI BANYUASIN,SUMATERA SELATAN,2/1/2023 2:49,2/1/2023 3:54
175,MUSI RAWAS,SUMATERA SELATAN,2/1/2023 2:49,2/1/2023 3:54
176,MUSI RAWAS UTARA,SUMATERA SELATAN,2/1/2023 2:49,2/1/2023 3:54
177,OGAN ILIR,SUMATERA SELATAN,2/1/2023 2:49,2/1/2023 3:54
178,OGAN KOMERING ILIR,SUMATERA SELATAN,2/1/2023 2:49,2/1/2023 3:54
179,OGAN KOMERING ULU,SUMATERA SELATAN,2/1/2023 2:49,2/1/2023 3:54
180,OGAN KOMERING ULU SELATAN,SUMATERA SELATAN,2/1/2023 2:49,2/1/2023 3:54
181,OGAN KOMERING ULU TIMUR,SUMATERA SELATAN,2/1/2023 2:49,2/1/2023 3:54
182,PAGAR ALAM,SUMATERA SELATAN,2/1/2023 2:49,2/1/2023 3:54
183,PALEMBANG,SUMATERA SELATAN,2/1/2023 2:49,2/1/2023 3:54
184,PENUKAL ABAB LEMATANG ILIR,SUMATERA SELATAN,2/1/2023 2:49,2/1/2023 3:54
185,PRABUMULIH,SUMATERA SELATAN,2/1/2023 2:49,2/1/2023 3:54
186,ASAHAN,SUMATERA UTARA,2/1/2023 2:49,2/1/2023 3:54
187,BATU BARA,SUMATERA UTARA,2/1/2023 2:49,2/1/2023 3:54
188,BINJAI,SUMATERA UTARA,2/1/2023 2:49,2/1/2023 3:54
189,DAIRI,SUMATERA UTARA,2/1/2023 2:49,2/1/2023 3:54
190,DELI SERDANG,SUMATERA UTARA,2/1/2023 2:49,2/1/2023 3:54
191,GUNUNGSITOLI,SUMATERA UTARA,2/1/2023 2:49,2/1/2023 3:54
192,HUMBANG HASUNDUTAN,SUMATERA UTARA,2/1/2023 2:49,2/1/2023 3:54
193,KARO,SUMATERA UTARA,2/1/2023 2:49,2/1/2023 3:54
194,LABUHANBATU,SUMATERA UTARA,2/1/2023 2:49,2/1/2023 3:54
195,LABUHANBATU SELATAN,SUMATERA UTARA,2/1/2023 2:49,2/1/2023 3:54
196,LABUHANBATU UTARA,SUMATERA UTARA,2/1/2023 2:49,2/1/2023 3:54
197,LANGKAT,SUMATERA UTARA,2/1/2023 2:49,2/1/2023 3:54
198,MANDAILING NATAL,SUMATERA UTARA,2/1/2023 2:49,2/1/2023 3:54
199,MEDAN,SUMATERA UTARA,2/1/2023 2:49,2/1/2023 3:54
200,NIAS,SUMATERA UTARA,2/1/2023 2:49,2/1/2023 3:54
201,NIAS BARAT,SUMATERA UTARA,2/1/2023 2:49,2/1/2023 3:54
202,NIAS SELATAN,SUMATERA UTARA,2/1/2023 2:49,2/1/2023 3:54
203,NIAS UTARA,SUMATERA UTARA,2/1/2023 2:49,2/1/2023 3:54
204,PADANG LAWAS,SUMATERA UTARA,2/1/2023 2:49,2/1/2023 3:54
205,PADANG LAWAS,SUMATERA UTARA,2/1/2023 2:49,2/1/2023 3:54
206,PADANG LAWAS UTARA,SUMATERA UTARA,2/1/2023 2:49,2/1/2023 3:54
207,PADANG LAWAS UTARA,SUMATERA UTARA,2/1/2023 2:49,2/1/2023 3:54
208,PADANG SIDEMPUAN,SUMATERA UTARA,2/1/2023 2:49,2/1/2023 3:54
209,PAKPAK BHARAT,SUMATERA UTARA,2/1/2023 2:49,2/1/2023 3:54
210,PEMATANG SIANTAR,SUMATERA UTARA,2/1/2023 2:49,2/1/2023 3:54
211,SAMOSIR,SUMATERA UTARA,2/1/2023 2:49,2/1/2023 3:54
212,SERDANG BEDAGAI,SUMATERA UTARA,2/1/2023 2:49,2/1/2023 3:54
213,SIBOLGA,SUMATERA UTARA,2/1/2023 2:49,2/1/2023 3:54
214,SIMALUNGUN,SUMATERA UTARA,2/1/2023 2:49,2/1/2023 3:54
215,TANJUNG BALAI,SUMATERA UTARA,2/1/2023 2:49,2/1/2023 3:54
216,TAPANULI SELATAN,SUMATERA UTARA,2/1/2023 2:49,2/1/2023 3:54
217,TAPANULI SELATAN,SUMATERA UTARA,2/1/2023 2:49,2/1/2023 3:54
218,TAPANULI TENGAH,SUMATERA UTARA,2/1/2023 2:49,2/1/2023 3:54
219,TAPANULI UTARA,SUMATERA UTARA,2/1/2023 2:49,2/1/2023 3:54
220,TEBING TINGGI,SUMATERA UTARA,2/1/2023 2:49,2/1/2023 3:54
221,TOBA SAMOSIR,SUMATERA UTARA,2/1/2023 2:49,2/1/2023 3:54
222,BANGKA,BANGKA BELITUNG,2/1/2023 2:49,2/1/2023 3:54
223,BANGKA BARAT,BANGKA BELITUNG,2/1/2023 2:49,2/1/2023 3:54
224,BANGKA SELATAN,BANGKA BELITUNG,2/1/2023 2:49,2/1/2023 3:54
225,BANGKA TENGAH,BANGKA BELITUNG,2/1/2023 2:49,2/1/2023 3:54
226,BELITUNG,BANGKA BELITUNG,2/1/2023 2:49,2/1/2023 3:54
227,BELITUNG TIMUR,BANGKA BELITUNG,2/1/2023 2:49,2/1/2023 3:54
228,PANGKAL PINANG,BANGKA BELITUNG,2/1/2023 2:49,2/1/2023 3:54
229,BANDAR LAMPUNG,LAMPUNG,2/1/2023 2:49,2/1/2023 3:54
230,LAMPUNG BARAT,LAMPUNG,2/1/2023 2:49,2/1/2023 3:54
231,LAMPUNG SELATAN,LAMPUNG,2/1/2023 2:49,2/1/2023 3:54
232,LAMPUNG TENGAH,LAMPUNG,2/1/2023 2:49,2/1/2023 3:54
233,LAMPUNG TIMUR,LAMPUNG,2/1/2023 2:49,2/1/2023 3:54
234,LAMPUNG UTARA,LAMPUNG,2/1/2023 2:49,2/1/2023 3:54
235,MESUJI,LAMPUNG,2/1/2023 2:49,2/1/2023 3:54
236,METRO,LAMPUNG,2/1/2023 2:49,2/1/2023 3:54
237,PESAWARAN,LAMPUNG,2/1/2023 2:49,2/1/2023 3:54
238,PESISIR BARAT,LAMPUNG,2/1/2023 2:49,2/1/2023 3:54
239,PRINGSEWU,LAMPUNG,2/1/2023 2:49,2/1/2023 3:54
240,TANGGAMUS,LAMPUNG,2/1/2023 2:49,2/1/2023 3:54
241,TULANG BAWANG,LAMPUNG,2/1/2023 2:49,2/1/2023 3:54
242,TULANG BAWANG BARAT,LAMPUNG,2/1/2023 2:49,2/1/2023 3:54
243,WAY KANAN,LAMPUNG,2/1/2023 2:49,2/1/2023 3:54
244,BATANG HARI,JAMBI,2/1/2023 2:49,2/1/2023 3:54
245,BUNGO,JAMBI,2/1/2023 2:49,2/1/2023 3:54
246,JAMBI,JAMBI,2/1/2023 2:49,2/1/2023 3:54
247,KERINCI,JAMBI,2/1/2023 2:49,2/1/2023 3:54
248,MERANGIN,JAMBI,2/1/2023 2:49,2/1/2023 3:54
249,MUARO JAMBI,JAMBI,2/1/2023 2:49,2/1/2023 3:54
250,SAROLANGUN,JAMBI,2/1/2023 2:49,2/1/2023 3:54
251,SUNGAIPENUH,JAMBI,2/1/2023 2:49,2/1/2023 3:54
252,TANJUNG JABUNG BARAT,JAMBI,2/1/2023 2:49,2/1/2023 3:54
253,TANJUNG JABUNG TIMUR,JAMBI,2/1/2023 2:49,2/1/2023 3:54
254,TEBO,JAMBI,2/1/2023 2:49,2/1/2023 3:54
255,BENGKULU,BENGKULU,2/1/2023 2:49,2/1/2023 3:54
256,BENGKULU SELATAN,BENGKULU,2/1/2023 2:49,2/1/2023 3:54
257,BENGKULU TENGAH,BENGKULU,2/1/2023 2:49,2/1/2023 3:54
258,BENGKULU UTARA,BENGKULU,2/1/2023 2:49,2/1/2023 3:54
259,KAUR,BENGKULU,2/1/2023 2:49,2/1/2023 3:54
260,KEPAHIANG,BENGKULU,2/1/2023 2:49,2/1/2023 3:54
261,LEBONG,BENGKULU,2/1/2023 2:49,2/1/2023 3:54
262,MUKO MUKO,BENGKULU,2/1/2023 2:49,2/1/2023 3:54
263,REJANG LEBONG,BENGKULU,2/1/2023 2:49,2/1/2023 3:54
264,SELUMA,BENGKULU,2/1/2023 2:49,2/1/2023 3:54
265,BALANGAN,KALIMANTAN SELATAN,2/1/2023 2:49,2/1/2023 3:54
266,BANJARBARU,KALIMANTAN SELATAN,2/1/2023 2:49,2/1/2023 3:54
267,BANJARMASIN,KALIMANTAN SELATAN,2/1/2023 2:49,2/1/2023 3:54
268,BARITO KUALA,KALIMANTAN SELATAN,2/1/2023 2:49,2/1/2023 3:54
269,HULU SUNGAI SELATAN,KALIMANTAN SELATAN,2/1/2023 2:49,2/1/2023 3:54
270,HULU SUNGAI TENGAH,KALIMANTAN SELATAN,2/1/2023 2:49,2/1/2023 3:54
271,HULU SUNGAI UTARA,KALIMANTAN SELATAN,2/1/2023 2:49,2/1/2023 3:54
272,KOTABARU,KALIMANTAN SELATAN,2/1/2023 2:49,2/1/2023 3:54
273,TABALONG,KALIMANTAN SELATAN,2/1/2023 2:49,2/1/2023 3:54
274,TANAH BUMBU,KALIMANTAN SELATAN,2/1/2023 2:49,2/1/2023 3:54
275,TANAH LAUT,KALIMANTAN SELATAN,2/1/2023 2:49,2/1/2023 3:54
276,TAPIN,KALIMANTAN SELATAN,2/1/2023 2:49,2/1/2023 3:54
277,BARITO SELATAN,KALIMANTAN TENGAH,2/1/2023 2:49,2/1/2023 3:54
278,BARITO TIMUR,KALIMANTAN TENGAH,2/1/2023 2:49,2/1/2023 3:54
279,BARITO UTARA,KALIMANTAN TENGAH,2/1/2023 2:49,2/1/2023 3:54
280,GUNUNG MAS,KALIMANTAN TENGAH,2/1/2023 2:49,2/1/2023 3:54
281,KAPUAS,KALIMANTAN TENGAH,2/1/2023 2:49,2/1/2023 3:54
282,KAPUAS,KALIMANTAN TENGAH,2/1/2023 2:49,2/1/2023 3:54
283,KATINGAN,KALIMANTAN TENGAH,2/1/2023 2:49,2/1/2023 3:54
284,KOTAWARINGIN BARAT,KALIMANTAN TENGAH,2/1/2023 2:49,2/1/2023 3:54
285,KOTAWARINGIN TIMUR,KALIMANTAN TENGAH,2/1/2023 2:49,2/1/2023 3:54
286,LAMANDAU,KALIMANTAN TENGAH,2/1/2023 2:49,2/1/2023 3:54
287,MURUNG RAYA,KALIMANTAN TENGAH,2/1/2023 2:49,2/1/2023 3:54
288,PALANGKA RAYA,KALIMANTAN TENGAH,2/1/2023 2:49,2/1/2023 3:54
289,PULANG PISAU,KALIMANTAN TENGAH,2/1/2023 2:49,2/1/2023 3:54
290,SERUYAN,KALIMANTAN TENGAH,2/1/2023 2:49,2/1/2023 3:54
291,SUKAMARA,KALIMANTAN TENGAH,2/1/2023 2:49,2/1/2023 3:54
292,BALIKPAPAN,KALIMANTAN TIMUR,2/1/2023 2:49,2/1/2023 3:54
293,BERAU,KALIMANTAN TIMUR,2/1/2023 2:49,2/1/2023 3:54
294,BONTANG,KALIMANTAN TIMUR,2/1/2023 2:49,2/1/2023 3:54
295,KUTAI BARAT,KALIMANTAN TIMUR,2/1/2023 2:49,2/1/2023 3:54
296,KUTAI KARTANEGARA,KALIMANTAN TIMUR,2/1/2023 2:49,2/1/2023 3:54
297,KUTAI TIMUR,KALIMANTAN TIMUR,2/1/2023 2:49,2/1/2023 3:54
298,MAHAKAM ULU,KALIMANTAN TIMUR,2/1/2023 2:49,2/1/2023 3:54
299,PASER,KALIMANTAN TIMUR,2/1/2023 2:49,2/1/2023 3:54
300,PENAJAM PASER UTARA,KALIMANTAN TIMUR,2/1/2023 2:49,2/1/2023 3:54
301,SAMARINDA,KALIMANTAN TIMUR,2/1/2023 2:49,2/1/2023 3:54
302,BULUNGAN,KALIMANTAN UTARA,2/1/2023 2:49,2/1/2023 3:54
303,MALINAU,KALIMANTAN UTARA,2/1/2023 2:49,2/1/2023 3:54
304,NUNUKAN,KALIMANTAN UTARA,2/1/2023 2:49,2/1/2023 3:54
305,TANA TIDUNG,KALIMANTAN UTARA,2/1/2023 2:49,2/1/2023 3:54
306,TARAKAN,KALIMANTAN UTARA,2/1/2023 2:49,2/1/2023 3:54
307,BENGKAYANG,KALIMANTAN BARAT,2/1/2023 2:49,2/1/2023 3:54
308,KAPUAS HULU,KALIMANTAN BARAT,2/1/2023 2:49,2/1/2023 3:54
309,KAYONG UTARA,KALIMANTAN BARAT,2/1/2023 2:49,2/1/2023 3:54
310,KETAPANG,KALIMANTAN BARAT,2/1/2023 2:49,2/1/2023 3:54
311,KUBU RAYA,KALIMANTAN BARAT,2/1/2023 2:49,2/1/2023 3:54
312,LANDAK,KALIMANTAN BARAT,2/1/2023 2:49,2/1/2023 3:54
313,MELAWI,KALIMANTAN BARAT,2/1/2023 2:49,2/1/2023 3:54
314,MEMPAWAH,KALIMANTAN BARAT,2/1/2023 2:49,2/1/2023 3:54
315,PONTIANAK,KALIMANTAN BARAT,2/1/2023 2:49,2/1/2023 3:54
316,SAMBAS,KALIMANTAN BARAT,2/1/2023 2:49,2/1/2023 3:54
317,SANGGAU,KALIMANTAN BARAT,2/1/2023 2:49,2/1/2023 3:54
318,SEKADAU,KALIMANTAN BARAT,2/1/2023 2:49,2/1/2023 3:54
319,SINGKAWANG,KALIMANTAN BARAT,2/1/2023 2:49,2/1/2023 3:54
320,SINTANG,KALIMANTAN BARAT,2/1/2023 2:49,2/1/2023 3:54
321,BIMA,NUSA TENGGARA BARAT (NTB),2/1/2023 2:49,2/1/2023 3:54
322,BIMA,NUSA TENGGARA BARAT (NTB),2/1/2023 2:49,2/1/2023 3:54
323,DOMPU,NUSA TENGGARA BARAT (NTB),2/1/2023 2:49,2/1/2023 3:54
324,LOMBOK BARAT,NUSA TENGGARA BARAT (NTB),2/1/2023 2:49,2/1/2023 3:54
325,LOMBOK TENGAH,NUSA TENGGARA BARAT (NTB),2/1/2023 2:49,2/1/2023 3:54
326,LOMBOK TIMUR,NUSA TENGGARA BARAT (NTB),2/1/2023 2:49,2/1/2023 3:54
327,LOMBOK UTARA,NUSA TENGGARA BARAT (NTB),2/1/2023 2:49,2/1/2023 3:54
328,MATARAM,NUSA TENGGARA BARAT (NTB),2/1/2023 2:49,2/1/2023 3:54
329,SUMBAWA,NUSA TENGGARA BARAT (NTB),2/1/2023 2:49,2/1/2023 3:54
330,SUMBAWA BARAT,NUSA TENGGARA BARAT (NTB),2/1/2023 2:49,2/1/2023 3:54
331,ENDE,NUSA TENGGARA TIMUR (NTT),2/1/2023 2:49,2/1/2023 3:54
332,FLORES TIMUR,NUSA TENGGARA TIMUR (NTT),2/1/2023 2:49,2/1/2023 3:54
333,ALOR,NUSA TENGGARA TIMUR (NTT),2/1/2023 2:49,2/1/2023 3:54
334,BELU,NUSA TENGGARA TIMUR (NTT),2/1/2023 2:49,2/1/2023 3:54
335,ENDE,NUSA TENGGARA TIMUR (NTT),2/1/2023 2:49,2/1/2023 3:54
336,FLORES TIMUR,NUSA TENGGARA TIMUR (NTT),2/1/2023 2:49,2/1/2023 3:54
337,KUPANG,NUSA TENGGARA TIMUR (NTT),2/1/2023 2:49,2/1/2023 3:54
338,KUPANG,NUSA TENGGARA TIMUR (NTT),2/1/2023 2:49,2/1/2023 3:54
339,LEMBATA,NUSA TENGGARA TIMUR (NTT),2/1/2023 2:49,2/1/2023 3:54
340,MALAKA,NUSA TENGGARA TIMUR (NTT),2/1/2023 2:49,2/1/2023 3:54
341,MANGGARAI,NUSA TENGGARA TIMUR (NTT),2/1/2023 2:49,2/1/2023 3:54
342,MANGGARAI BARAT,NUSA TENGGARA TIMUR (NTT),2/1/2023 2:49,2/1/2023 3:54
343,MANGGARAI TIMUR,NUSA TENGGARA TIMUR (NTT),2/1/2023 2:49,2/1/2023 3:54
344,NAGEKEO,NUSA TENGGARA TIMUR (NTT),2/1/2023 2:49,2/1/2023 3:54
345,NGADA,NUSA TENGGARA TIMUR (NTT),2/1/2023 2:49,2/1/2023 3:54
346,ROTE NDAO,NUSA TENGGARA TIMUR (NTT),2/1/2023 2:49,2/1/2023 3:54
347,SABU RAIJUA,NUSA TENGGARA TIMUR (NTT),2/1/2023 2:49,2/1/2023 3:54
348,SIKKA,NUSA TENGGARA TIMUR (NTT),2/1/2023 2:49,2/1/2023 3:54
349,SUMBA BARAT,NUSA TENGGARA TIMUR (NTT),2/1/2023 2:49,2/1/2023 3:54
350,SUMBA BARAT DAYA,NUSA TENGGARA TIMUR (NTT),2/1/2023 2:49,2/1/2023 3:54
351,SUMBA TENGAH,NUSA TENGGARA TIMUR (NTT),2/1/2023 2:49,2/1/2023 3:54
352,SUMBA TIMUR,NUSA TENGGARA TIMUR (NTT),2/1/2023 2:49,2/1/2023 3:54
353,TIMOR TENGAH SELATAN,NUSA TENGGARA TIMUR (NTT),2/1/2023 2:49,2/1/2023 3:54
354,TIMOR TENGAH UTARA,NUSA TENGGARA TIMUR (NTT),2/1/2023 2:49,2/1/2023 3:54
355,MAJENE,SULAWESI BARAT,2/1/2023 2:49,2/1/2023 3:54
356,MAMASA,SULAWESI BARAT,2/1/2023 2:49,2/1/2023 3:54
357,MAMUJU,SULAWESI BARAT,2/1/2023 2:49,2/1/2023 3:54
358,MAMUJU TENGAH,SULAWESI BARAT,2/1/2023 2:49,2/1/2023 3:54
359,MAMUJU UTARA,SULAWESI BARAT,2/1/2023 2:49,2/1/2023 3:54
360,POLEWALI MANDAR,SULAWESI BARAT,2/1/2023 2:49,2/1/2023 3:54
361,BANTAENG,SULAWESI SELATAN,2/1/2023 2:49,2/1/2023 3:54
362,BARRU,SULAWESI SELATAN,2/1/2023 2:49,2/1/2023 3:54
363,BONE,SULAWESI SELATAN,2/1/2023 2:49,2/1/2023 3:54
364,BULUKUMBA,SULAWESI SELATAN,2/1/2023 2:49,2/1/2023 3:54
365,ENREKANG,SULAWESI SELATAN,2/1/2023 2:49,2/1/2023 3:54
366,GOWA,SULAWESI SELATAN,2/1/2023 2:49,2/1/2023 3:54
367,JENEPONTO,SULAWESI SELATAN,2/1/2023 2:49,2/1/2023 3:54
368,KEPULAUAN SELAYAR,SULAWESI SELATAN,2/1/2023 2:49,2/1/2023 3:54
369,LUWU,SULAWESI SELATAN,2/1/2023 2:49,2/1/2023 3:54
370,LUWU TIMUR,SULAWESI SELATAN,2/1/2023 2:49,2/1/2023 3:54
371,LUWU UTARA,SULAWESI SELATAN,2/1/2023 2:49,2/1/2023 3:54
372,MAKASSAR,SULAWESI SELATAN,2/1/2023 2:49,2/1/2023 3:54
373,MAROS,SULAWESI SELATAN,2/1/2023 2:49,2/1/2023 3:54
374,PALOPO,SULAWESI SELATAN,2/1/2023 2:49,2/1/2023 3:54
375,PANGKAJENE KEPULAUAN,SULAWESI SELATAN,2/1/2023 2:49,2/1/2023 3:54
376,PAREPARE,SULAWESI SELATAN,2/1/2023 2:49,2/1/2023 3:54
377,PINRANG,SULAWESI SELATAN,2/1/2023 2:49,2/1/2023 3:54
378,SIDENRENG RAPPANG,SULAWESI SELATAN,2/1/2023 2:49,2/1/2023 3:54
379,SINJAI,SULAWESI SELATAN,2/1/2023 2:49,2/1/2023 3:54
380,SOPPENG,SULAWESI SELATAN,2/1/2023 2:49,2/1/2023 3:54
381,TAKALAR,SULAWESI SELATAN,2/1/2023 2:49,2/1/2023 3:54
382,TANA TORAJA,SULAWESI SELATAN,2/1/2023 2:49,2/1/2023 3:54
383,TORAJA UTARA,SULAWESI SELATAN,2/1/2023 2:49,2/1/2023 3:54
384,WAJO,SULAWESI SELATAN,2/1/2023 2:49,2/1/2023 3:54
385,BANGGAI,SULAWESI TENGAH,2/1/2023 2:49,2/1/2023 3:54
386,BANGGAI KEPULAUAN,SULAWESI TENGAH,2/1/2023 2:49,2/1/2023 3:54
387,BANGGAI LAUT,SULAWESI TENGAH,2/1/2023 2:49,2/1/2023 3:54
388,BUOL,SULAWESI TENGAH,2/1/2023 2:49,2/1/2023 3:54
389,DONGGALA,SULAWESI TENGAH,2/1/2023 2:49,2/1/2023 3:54
390,MOROWALI,SULAWESI TENGAH,2/1/2023 2:49,2/1/2023 3:54
391,MOROWALI UTARA,SULAWESI TENGAH,2/1/2023 2:49,2/1/2023 3:54
392,PALU,SULAWESI TENGAH,2/1/2023 2:49,2/1/2023 3:54
393,PARIGI MOUTONG,SULAWESI TENGAH,2/1/2023 2:49,2/1/2023 3:54
394,POSO,SULAWESI TENGAH,2/1/2023 2:49,2/1/2023 3:54
395,SIGI,SULAWESI TENGAH,2/1/2023 2:49,2/1/2023 3:54
396,TOJO UNA-UNA,SULAWESI TENGAH,2/1/2023 2:49,2/1/2023 3:54
397,TOLI-TOLI,SULAWESI TENGAH,2/1/2023 2:49,2/1/2023 3:54
398,BAU-BAU,SULAWESI TENGGARA,2/1/2023 2:49,2/1/2023 3:54
399,BOMBANA,SULAWESI TENGGARA,2/1/2023 2:49,2/1/2023 3:54
400,BUTON,SULAWESI TENGGARA,2/1/2023 2:49,2/1/2023 3:54
401,BUTON SELATAN,SULAWESI TENGGARA,2/1/2023 2:49,2/1/2023 3:54
402,BUTON TENGAH,SULAWESI TENGGARA,2/1/2023 2:49,2/1/2023 3:54
403,BUTON UTARA,SULAWESI TENGGARA,2/1/2023 2:49,2/1/2023 3:54
404,KENDARI,SULAWESI TENGGARA,2/1/2023 2:49,2/1/2023 3:54
405,KOLAKA,SULAWESI TENGGARA,2/1/2023 2:49,2/1/2023 3:54
406,KOLAKA TIMUR,SULAWESI TENGGARA,2/1/2023 2:49,2/1/2023 3:54
407,KOLAKA UTARA,SULAWESI TENGGARA,2/1/2023 2:49,2/1/2023 3:54
408,KONAWE,SULAWESI TENGGARA,2/1/2023 2:49,2/1/2023 3:54
409,KONAWE KEPULAUAN,SULAWESI TENGGARA,2/1/2023 2:49,2/1/2023 3:54
410,KONAWE SELATAN,SULAWESI TENGGARA,2/1/2023 2:49,2/1/2023 3:54
411,KONAWE UTARA,SULAWESI TENGGARA,2/1/2023 2:49,2/1/2023 3:54
412,MUNA,SULAWESI TENGGARA,2/1/2023 2:49,2/1/2023 3:54
413,MUNA BARAT,SULAWESI TENGGARA,2/1/2023 2:49,2/1/2023 3:54
414,WAKATOBI,SULAWESI TENGGARA,2/1/2023 2:49,2/1/2023 3:54
415,BITUNG,SULAWESI UTARA,2/1/2023 2:49,2/1/2023 3:54
416,BOLAANG MONGONDOW,SULAWESI UTARA,2/1/2023 2:49,2/1/2023 3:54
417,BOLAANG MONGONDOW SELATAN,SULAWESI UTARA,2/1/2023 2:49,2/1/2023 3:54
418,BOLAANG MONGONDOW TIMUR,SULAWESI UTARA,2/1/2023 2:49,2/1/2023 3:54
419,BOLAANG MONGONDOW UTARA,SULAWESI UTARA,2/1/2023 2:49,2/1/2023 3:54
420,KEPULAUAN SANGIHE,SULAWESI UTARA,2/1/2023 2:49,2/1/2023 3:54
421,KEPULAUAN SIAU TAGULANDANG BIARO (SITARO),SULAWESI UTARA,2/1/2023 2:49,2/1/2023 3:54
422,KEPULAUAN TALAUD,SULAWESI UTARA,2/1/2023 2:49,2/1/2023 3:54
423,KOTAMOBAGU,SULAWESI UTARA,2/1/2023 2:49,2/1/2023 3:54
424,MANADO,SULAWESI UTARA,2/1/2023 2:49,2/1/2023 3:54
425,MINAHASA,SULAWESI UTARA,2/1/2023 2:49,2/1/2023 3:54
426,MINAHASA SELATAN,SULAWESI UTARA,2/1/2023 2:49,2/1/2023 3:54
427,MINAHASA TENGGARA,SULAWESI UTARA,2/1/2023 2:49,2/1/2023 3:54
428,MINAHASA UTARA,SULAWESI UTARA,2/1/2023 2:49,2/1/2023 3:54
429,TOMOHON,SULAWESI UTARA,2/1/2023 2:49,2/1/2023 3:54
430,BOALEMO,GORONTALO,2/1/2023 2:49,2/1/2023 3:54
431,BONE BOLANGO,GORONTALO,2/1/2023 2:49,2/1/2023 3:54
432,GORONTALO,GORONTALO,2/1/2023 2:49,2/1/2023 3:54
433,GORONTALO UTARA,GORONTALO,2/1/2023 2:49,2/1/2023 3:54
434,POHUWATO,GORONTALO,2/1/2023 2:49,2/1/2023 3:54
435,AMBON,MALUKU,2/1/2023 2:49,2/1/2023 3:54
436,BURU,MALUKU,2/1/2023 2:49,2/1/2023 3:54
437,BURU SELATAN,MALUKU,2/1/2023 2:49,2/1/2023 3:54
438,KEPULAUAN ARU,MALUKU,2/1/2023 2:49,2/1/2023 3:54
439,MALUKU BARAT DAYA,MALUKU,2/1/2023 2:49,2/1/2023 3:54
440,MALUKU TENGAH,MALUKU,2/1/2023 2:49,2/1/2023 3:54
441,MALUKU TENGGARA,MALUKU,2/1/2023 2:49,2/1/2023 3:54
442,MALUKU TENGGARA BARAT,MALUKU,2/1/2023 2:49,2/1/2023 3:54
443,SERAM BAGIAN BARAT,MALUKU,2/1/2023 2:49,2/1/2023 3:54
444,SERAM BAGIAN TIMUR,MALUKU,2/1/2023 2:49,2/1/2023 3:54
445,TUAL,MALUKU,2/1/2023 2:49,2/1/2023 3:54
446,HALMAHERA BARAT,MALUKU UTARA,2/1/2023 2:49,2/1/2023 3:54
447,HALMAHERA SELATAN,MALUKU UTARA,2/1/2023 2:49,2/1/2023 3:54
448,HALMAHERA TENGAH,MALUKU UTARA,2/1/2023 2:49,2/1/2023 3:54
449,HALMAHERA TIMUR,MALUKU UTARA,2/1/2023 2:49,2/1/2023 3:54
450,HALMAHERA UTARA,MALUKU UTARA,2/1/2023 2:49,2/1/2023 3:54
451,KEPULAUAN SULA,MALUKU UTARA,2/1/2023 2:49,2/1/2023 3:54
452,PULAU MOROTAI,MALUKU UTARA,2/1/2023 2:49,2/1/2023 3:54
453,PULAU TALIABU,MALUKU UTARA,2/1/2023 2:49,2/1/2023 3:54
454,TERNATE,MALUKU UTARA,2/1/2023 2:49,2/1/2023 3:54
455,TIDORE KEPULAUAN,MALUKU UTARA,2/1/2023 2:49,2/1/2023 3:54
456,ASMAT,PAPUA,2/1/2023 2:49,2/1/2023 3:54
457,BIAK NUMFOR,PAPUA,2/1/2023 2:49,2/1/2023 3:54
458,BOVEN DIGOEL,PAPUA,2/1/2023 2:49,2/1/2023 3:54
459,DEIYAI,PAPUA,2/1/2023 2:49,2/1/2023 3:54
460,DOGIYAI,PAPUA,2/1/2023 2:49,2/1/2023 3:54
461,INTAN JAYA,PAPUA,2/1/2023 2:49,2/1/2023 3:54
462,JAYAPURA,PAPUA,2/1/2023 2:49,2/1/2023 3:54
463,JAYAPURA,PAPUA,2/1/2023 2:49,2/1/2023 3:54
464,JAYAWIJAYA,PAPUA,2/1/2023 2:49,2/1/2023 3:54
465,KEEROM,PAPUA,2/1/2023 2:49,2/1/2023 3:54
466,KEPULAUAN YAPEN,PAPUA,2/1/2023 2:49,2/1/2023 3:54
467,LANNY JAYA,PAPUA,2/1/2023 2:49,2/1/2023 3:54
468,MAMBERAMO RAYA,PAPUA,2/1/2023 2:49,2/1/2023 3:54
469,MAMBERAMO TENGAH,PAPUA,2/1/2023 2:49,2/1/2023 3:54
470,MAPPI,PAPUA,2/1/2023 2:49,2/1/2023 3:54
471,MERAUKE,PAPUA,2/1/2023 2:49,2/1/2023 3:54
472,MIMIKA,PAPUA,2/1/2023 2:49,2/1/2023 3:54
473,NABIRE,PAPUA,2/1/2023 2:49,2/1/2023 3:54
474,NDUGA,PAPUA,2/1/2023 2:49,2/1/2023 3:54
475,PANIAI,PAPUA,2/1/2023 2:49,2/1/2023 3:54
476,PEGUNUNGAN BINTANG,PAPUA,2/1/2023 2:49,2/1/2023 3:54
477,PUNCAK,PAPUA,2/1/2023 2:49,2/1/2023 3:54
478,PUNCAK JAYA,PAPUA,2/1/2023 2:49,2/1/2023 3:54
479,SARMI,PAPUA,2/1/2023 2:49,2/1/2023 3:54
480,SUPIORI,PAPUA,2/1/2023 2:49,2/1/2023 3:54
481,TOLIKARA,PAPUA,2/1/2023 2:49,2/1/2023 3:54
482,WAROPEN,PAPUA,2/1/2023 2:49,2/1/2023 3:54
483,YAHUKIMO,PAPUA,2/1/2023 2:49,2/1/2023 3:54
484,YALIMO,PAPUA,2/1/2023 2:49,2/1/2023 3:54
485,FAKFAK,PAPUA BARAT,2/1/2023 2:49,2/1/2023 3:54
486,KAIMANA,PAPUA BARAT,2/1/2023 2:49,2/1/2023 3:54
487,MANOKWARI,PAPUA BARAT,2/1/2023 2:49,2/1/2023 3:54
488,MANOKWARI SELATAN,PAPUA BARAT,2/1/2023 2:49,2/1/2023 3:54
489,MAYBRAT,PAPUA BARAT,2/1/2023 2:49,2/1/2023 3:54
490,PEGUNUNGAN ARFAK,PAPUA BARAT,2/1/2023 2:49,2/1/2023 3:54
491,RAJA AMPAT,PAPUA BARAT,2/1/2023 2:49,2/1/2023 3:54
492,SORONG,PAPUA BARAT,2/1/2023 2:49,2/1/2023 3:54
493,SORONG,PAPUA BARAT,2/1/2023 2:49,2/1/2023 3:54
494,SORONG SELATAN,PAPUA BARAT,2/1/2023 2:49,2/1/2023 3:54
495,TAMBRAUW,PAPUA BARAT,2/1/2023 2:49,2/1/2023 3:54
496,TELUK BINTUNI,PAPUA BARAT,2/1/2023 2:49,2/1/2023 3:54
497,TELUK WONDAMA,PAPUA BARAT,2/1/2023 2:49,2/1/2023 3:54
